Rebbecca|Didio|"Brandt, Jonathan F Esq"|16031989|330949.2034|171 E 24th St|Leith|TAS|7315|0381749123|0458665290|rebbecca.didio@didio.com.au
Stevie|Hallo|Landrum Temporary Services|17081985|309558.5195|22222 Acoma St|Proston|QLD|4613|0799973366|0497622620|stevie.hallo@hotmail.com
Mariko|Stayer|"Inabinet, Macre Esq"|2061993|539508.372|534 Schoenborn St #51|Hamel|WA|6215|0855589019|0427885282|mariko_stayer@hotmail.com
Gerardo|Woodka|Morris Downing & Sherred|14051992|293515.5065|69206 Jackson Ave|Talmalmo|NSW|2640|0260444682|0443795912|gerardo_woodka@hotmail.com
Mayra|Bena|"Buelt, David L Esq"|20081973|395121.2553|808 Glen Cove Ave|Lane Cove|NSW|1595|0214556085|0453666885|mayra.bena@gmail.com
Idella|Scotland|Artesian Ice & Cold Storage Co|30011982|573376.9549|373 Lafayette St|Cartmeticup|WA|6316|0878681355|0451966921|idella@hotmail.com
Sherill|Klar|Midway Hotel|16061988|896019.7713|87 Sylvan Ave|Nyamup|WA|6258|0865228931|0427991688|sklar@hotmail.com
Ena|Desjardiws|"Selsor, Robert J Esq"|1121970|863933.7453|60562 Ky Rt 321|Bendick Murrell|NSW|2803|0252269402|0415961606|ena_desjardiws@desjardiws.com.au
Vince|Siena|Vincent J Petti & Co|12051979|756980.3256|70 S 18th Pl|Purrawunda|QLD|4356|0731849989|0411732965|vince_siena@yahoo.com
Theron|Jarding|"Prentiss, Paul F Esq "|29102000|382643.3563|8839 Ventura Blvd|Blanchetown|SA|5357|0868904661|0461862457|tjarding@hotmail.com
Amira|Chudej|Public Works Department|5021991|662504.8048|3684 N Wacker Dr|Rockside|QLD|4343|0781353271|0478867289|amira.chudej@chudej.net.au
Marica|Tarbor|Prudential Lighting Corp|2031976|377295.6853|68828 S 32nd St #6|Rosegarland|TAS|7140|0311746817|0494982617|marica.tarbor@hotmail.com
Shawna|Albrough|"Wood, J Scott Esq"|9091991|872846.5303|43157 Cypress St|Ringwood|QLD|4343|0779776039|0441255802|shawna.albrough@albrough.com.au
Paulina|Maker|Swanson Peterson Fnrl Home Inc|30011975|106347.0219|6 S Hanover Ave|Maylands|WA|6931|0883448929|0420123282|paulina_maker@maker.net.au
Rose|Jebb|Old Cider Mill Grove|10051978|924540.6832|27916 Tarrytown Rd|Wooloowin|QLD|4030|0749419471|0496441929|rose@jebb.net.au
Reita|Tabar|Cooper Myers Y Co|1062000|721329.1856|79620 Timber Dr|Arthurville|NSW|2820|0235187078|0431669863|rtabar@hotmail.com
Maybelle|Bewley|Angelo International|25101976|705286.1727|387 Airway Cir #62|Mapleton|QLD|4560|0793877293|0448221640|mbewley@yahoo.com
Camellia|Pylant |"Blackley, William J Pa "|2021980|430772.3952|570 W Pine St|Tuggerawong|NSW|2259|0251714345|0423446913|camellia_pylant@gmail.com
Roy|Nybo|Phoenix Phototype|19051986|912062.7842|823 Fishers Ln|Red Hill|ACT|2603|0253117778|0416394795|rnybo@nybo.net.au
Albert|Sonier|Quartzite Processing Inc|28091973|719546.6286|4 Brookcrest Dr #7786|Inverlaw|QLD|4610|0793542612|0420575355|albert.sonier@gmail.com
Hayley|Taghon|Biltmore Textile Co Inc|24031973|844325.6184|72 Wyoming Ave|Eugowra|NSW|2806|0216384380|0491976291|htaghon@taghon.net.au
Norah|Daleo |Gateway Refrigeration|18121982|398686.3693|754 Sammis Ave|Kotara Fair|NSW|2289|0253226127|0462327613|ndaleo@daleo.net.au
Rosina|Sidhu|Anchorage Yamaha|25081970|314906.1905|660 N Green St|Burpengary|QLD|4505|0764604488|0458753924|rosina_sidhu@gmail.com
Royal|Costeira|Wynns Precision Inc Az Div|24032000|448597.9652|970 Waterloo Rd|Ellis Beach|QLD|4879|0753386357|0480443612|royal_costeira@costeira.com.au
Barrie|Nicley|Paragon Cable Tv|12101970|908497.6703|4129 Abbott Dr|Fish Creek|VIC|3959|0364432786|0455270505|bnicley@nicley.com.au
Linsey|Gedman|Eagle Computer Services Inc|11021979|316688.7475|1529 Prince Rodgers Ave|Kennedy|QLD|4816|0747853781|0433965131|lgedman@gedman.net.au
Laura|Bourbonnais|Kansas Association Ins Agtts|10121990|115259.8069|2 N Valley Mills Dr|Cape Portland|TAS|7264|0365436688|0491455112|laura.bourbonnais@yahoo.com
Fanny|Stoneking|"Di Giacomo, Richard F Esq"|26101992|339861.9884|50968 Kurtz St #45|Warra|QLD|4411|0737219123|0465778983|fstoneking@hotmail.com
Kristian|Ellerbusch|"Butler, Frank B Esq"|28041994|216865.5557|71585 S Ayon Ave #9|Wanguri|NT|0810|0827481250|0442982316|kristian@yahoo.com
Gwen|Julye|Alphagraphics Printshops|26031996|780153.5665|8 Old County Rd #3|Alvie|VIC|3249|0370636734|0465547766|gjulye@hotmail.com
Ben|Majorga|Voyager Travel Service|14022001|851455.8464|13904 S 35th St|Wherrol Flat|NSW|2429|0281719051|0462648621|ben.majorga@hotmail.com
Trina|Oto|N Amer Plast & Chemls Co Inc|30102000|302428.2915|6149 Kapiolani Blvd #6|Placid Hills|QLD|4343|0711538567|0460377727|trina@oto.com.au
Emelda|Geffers|D L Downing General Contr Inc|14111969|833630.2764|95431 34th Ave #62|Nedlands|WA|6909|0870973947|0454643433|emelda.geffers@gmail.com
Zana|Ploszaj|Community Insurance Agy Inc|13071986|855020.9604|25 Swift Ave|Auchenflower|QLD|4066|0779918880|0430656502|zana_ploszaj@ploszaj.net.au
Shaun|Rael|House Of Ing|17101969|152693.5038|14304 Old Alexandria Ferry Rd|Buninyong|VIC|3357|0389985485|0498627281|shaun.rael@rael.com.au
Oren|Lobosco|Vei Inc|18081968|733807.0846|1585 Salem Church Rd #59|Dangar Island|NSW|2083|0250461307|0495838492|olobosco@hotmail.com
Catherin|Aguele|"Hanna, Robert J Esq"|15041969|591202.5249|75962 E Drinker St|Sunny Nook|QLD|4605|0764761399|0444150950|caguele@gmail.com
Pearlene|Boudrie|Design Rite Homes Inc|21021974|489596.7761|8978 W Henrietta Rd|Minden|QLD|4311|0744637223|0462627260|pboudrie@boudrie.net.au
Kathryn|Bonalumi|State Library|18031971|191909.7577|86 Worth St #272|Tibradden|WA|6532|0830712258|0455699311|kathryn.bonalumi@yahoo.com
Suzan|Landa|Vista Grande Baptist Church|27042001|320253.8615|15 Campville Rd #191|Clermont|QLD|4721|0715761412|0471251939|suzan.landa@gmail.com
Sommer|Agar|Poole Publications Inc|14041977|184779.5297|3 N Ridge Ave|Kadina|SA|5554|0891303372|0486599199|sagar@agar.net.au
Keena|Rebich|Affilated Consulting Group Inc|20011968|441467.7372|3713 Poway Rd|Sawtell|NSW|2452|0249723570|0468708802|krebich@rebich.net.au
Rupert|Hinkson|Northwestern Mutual Life Ins|2072001|528813.03|1 E 17th St|East Gosford|NSW|2250|0271602066|0489430358|rupert_hinkson@hinkson.net.au
Aleta|Poarch|Barrett Burke Wilson Castl|1011989|701721.0587|5 Liberty Ave|Fosterville|VIC|3557|0326911298|0419138629|apoarch@gmail.com
Jamal|Korczynski|Helricks Inc|8031987|532378.144|404 Broxton Ave|Bateau Bay|NSW|2261|0238779654|0427970674|jamal_korczynski@gmail.com
Luz|Broccoli|"Wynn, Mary Ellen Esq"|20071969|792631.4655|4 S Main St #285|Glenmoral|QLD|4719|0726791774|0416525908|luz_broccoli@hotmail.com
Janessa|Ruthers|Mackraft Signs|28101973|696373.3877|1255 W Passaic St #1553|Bolivia|NSW|2372|0223676845|0410358989|janessa@yahoo.com
Lavonne|Esco|Ansaring Answering Service|21011975|760545.4396|377 Excalibur Dr|East Melbourne|VIC|3002|0334742120|0444359546|lavonne.esco@yahoo.com
Honey|Lymaster|Joiner & Goudeau Law Offices|23091987|512770.0171|7 Wilshire Blvd|Taringa|QLD|4068|0780872603|0411717109|honey_lymaster@lymaster.net.au
Jean|Cecchinato|"Cox, J Thomas Jr "|13011996|527030.473|7 Hugh Wallis Rd|Koolan Island|WA|6733|0852632786|0448530536|jean.cecchinato@gmail.com
Katlyn|Flitcroft|"Bill, Michael M"|29091979|493161.8901|7177 E 14th St|Maleny|QLD|4552|0717789968|0465519356|kflitcroft@hotmail.com
Cassie|Soros|A B C Tank Co|8012000|787283.7945|67765 W 11th St|Yelverton|WA|6280|0826666390|0423281356|csoros@gmail.com
Rolf|Gene|"Jolley, Mark A Cpa"|27051985|379078.2423|99968 Merced St #79|Flinders|NSW|2529|0244582810|0482882653|rolf_gene@gene.com.au
Darnell|Moothart|Melco Embroidery Systems|2041981|874629.0873|40 E 19th Ave|Empire Bay|NSW|2257|0239969188|0419656117|darnell_moothart@yahoo.com
Cherilyn|Fraize|Witchs Brew|25041997|436120.0662|84826 Plaza Dr|Rose Bay North|NSW|2030|0248731914|0468743337|cherilyn_fraize@fraize.net.au
Lynda|Lazzaro|Funding Equity Corp|10121983|455728.1932|20214 W Main St|Macks Creek|VIC|3971|0349334205|0472315303|lynda.lazzaro@gmail.com
Leigha|Capelli|Saturn Of Delray|19101998|691025.7167|8039 Howard Ave|East Toowoomba|QLD|4350|0748239785|0432580634|leigha.capelli@capelli.com.au
Delfina|Binnie|Motel 6|13081982|88521.45194|8 Austin Bluffs Pky|Bimbijy|WA|6472|0836925784|0460951322|delfina_binnie@binnie.net.au
Carlota|Gephardt|Ultimate In Womens Apparel The|19081996|223995.7837|96605 Pioneer Rd|Kundabung|NSW|2441|0250784389|0415230654|carlota.gephardt@gephardt.com.au
Alida|Helger|"Ballinger, Maria Chan Esq"|11061972|252516.6956|6 Hope Rd #10|Pinnacle|QLD|4741|0716423251|0412699567|alida@helger.com.au
Donte|Resureccion|N E Industrial Distr Inc|10061992|259646.9236|65898 E St Nw|Watsonville|QLD|4887|0723736048|0478459448|donte.resureccion@yahoo.com
Lou|Kriner|"Joondeph, Jerome J Esq"|4091985|268559.7086|39 Broad St|Seaforth|NSW|2092|0273283350|0496387592|lou.kriner@hotmail.com
Dortha|Vrieze|Art In Forms|17071978|127737.7059|654 Seguine Ave|White Hills|TAS|7258|0319816209|0430222319|dortha@vrieze.net.au
Genevive|Sanborn|Central Hudson Ent Corp|9041977|796196.5795|78 31st St|Bellangry|NSW|2446|0262465711|0431413930|genevive@hotmail.com
Alease|Strawbridge|"Marscher, William F Iii"|9101999|660722.2478|35673 Annapolis Rd #190|Ascot|QLD|4359|0737601546|0497868525|alease_strawbridge@strawbridge.com.au
Veda|Mishkin|"Smith, Sean O Esq"|1051971|680330.3747|98247 Russell Blvd|Stafford Heights|QLD|4053|0760342422|0474823917|veda.mishkin@mishkin.com.au
Craig|Vandersloot|Maverik Country Stores Inc|3061986|428989.8382|3 S Willow St #82|Bygalorie|NSW|2669|0254877528|0492408109|craig_vandersloot@yahoo.com
Lauran|Tovmasyan|United Christian Cmnty Crdt Un|14122000|830065.1624|199 Maple Ave|Boolaroo|NSW|2284|0225465344|0459680488|ltovmasyan@tovmasyan.net.au
Aaron|Kloska|"Radecker, H Philip Jr"|16021995|885324.4293|423 S Navajo St #56|Brookhill|QLD|4816|0798964827|0473600733|aaron_kloska@kloska.net.au
Francene|Skursky|"Cullen, Jack J Esq"|1121980|284602.7215|5 30w W #3083|Hillston|NSW|2675|0259413178|0485944417|francene.skursky@skursky.net.au
Zena|Daria|Kszl Am Radio|9111998|209735.3277|57245 W Union Blvd #25|Ivanhoe East|VIC|3079|0328228156|0466820981|zdaria@gmail.com
Brigette|Breckenstein|"Blewett, Yvonne S"|28071977|878194.2013|971 Northwest Blvd|Caniambo|VIC|3630|0357223451|0462308800|brigette@breckenstein.com.au
Jeniffer|Jezek|Sheraton Inn Atlanta Northwest|29011995|764110.5536|1089 Pacific Coast Hwy|Myrniong|VIC|3341|0332685102|0493644827|jeniffer@gmail.com
Selma|Elm|"Preston, Anne M Esq"|12111994|332731.7604|6787 Emerson St|Woolamai|VIC|3995|0391839493|0418581770|selm@elm.net.au
Elenora|Handler|A & A Custom Rubber Stamps|12051986|402251.4833|8 Middletown Blvd #708|Wardering|WA|6311|0856713318|0481367908|ehandler@yahoo.com
Nadine|Okojie|"Hirsch, Walter W Esq"|10011974|771240.7815|56 Tank Farm Rd|Kukerin|WA|6352|0897462341|0424801736|nadine.okojie@okojie.com.au
Kristin|Shiflet|"Jones, Peter B Esq"|4031988|655374.5768|503 Fulford Ave|Somers|VIC|3927|0345297210|0488223788|kristin@hotmail.com
Melinda|Fellhauer|Sterling Institute|12111975|740937.3126|8275 Calle De Industrias|Wayatinah|TAS|7140|0343873800|0493258647|melinda_fellhauer@fellhauer.com.au
Kirby|Litherland|Cross Western Store|31052001|307775.9625|92 South St|Alligator Creek|QLD|4740|0752843845|0480676186|kirby.litherland@hotmail.com
Kent|Ivans|Demer Normann Smith Ltd|16071989|304210.8485|56710 Euclid Ave|Camp Mountain|QLD|4520|0786614016|0429746524|kent_ivans@yahoo.com
Dan|Platz|Ny Stat Trial Lawyers Assn|3051982|580507.1829|5210 E Airy St #2|Brandy Creek|QLD|4800|0743061623|0441978907|dan_platz@hotmail.com
Millie|Pirkl|"Mann, Charles E Esq"|24112000|730241.9706|31 Schuyler Ave|Sovereign Hill|VIC|3350|0360232680|0410688713|millie_pirkl@gmail.com
Moira|Qadir|Airnetics Engineering Co|21041993|386208.4703|661 Plummer St #963|Arno Bay|SA|5603|0876874883|0471106909|moira.qadir@gmail.com
Reta|Qazi|American Pie Co Inc|5051991|762327.9966|1351 Simpson St|Maffra|VIC|3860|0319749948|0446105779|reta.qazi@yahoo.com
Brittney|Lolley|Brown Chiropractic|16081984|910280.2273|2391 Pacific Blvd|Ulverstone|TAS|7315|0340727094|0451120660|brittney@lolley.net.au
Leandro|Bolka|Classic Video Duplication Inc|10081993|175866.7448|1886 2nd Ave|Wattle Hill|TAS|7172|0381574609|0413530467|leandro_bolka@hotmail.com
Edison|Sumera|Mcclier Corp|20052000|559116.499|52404 S Clinton Ave|Bower|SA|5374|0891141763|0463377181|edison.sumera@sumera.net.au
Breana|Cassi|Gormley Lore Murphy|9081980|457510.7502|405 W Lee St|Stonehaven|VIC|3221|0323058627|0495644883|breana@yahoo.com
Jarvis|Nicols|Thudium Mail Advg Company|9081997|648244.3488|5656 N Fiesta Blvd|East Newdegate|WA|6355|0821175217|0436246951|jarvis@gmail.com
Felicitas|Orlinski|Jen E Distributing Co|16081979|443250.2942|9 Beverly Rd #5|Emerald|VIC|3782|0324511896|0444326506|felicitas_orlinski@orlinski.com.au
Geraldine|Neisius|Re/max Realty Services|21011976|273907.3796|96 Armitage Ave|Katunga|VIC|3640|0382432999|0440707817|geraldine@gmail.com
Alfred|Pacleb|Roundys Pole Fence Co|12101999|794414.0225|523 N Prince St|Willunga|SA|5172|0894507978|0453896533|alfred@pacleb.net.au
Leatha|Block|Chadds Ford Winery|27091990|81391.22396|6926 Orange Ave|Two Rocks|WA|6037|0876358350|0445211162|leatha_block@gmail.com
Jacquelyne|Rosso|"Barragar, Anne L Esq"|17021996|890672.1003|6940 Prospect Pl|Caldwell|NSW|2710|0245656425|0464763350|jacquelyne.rosso@yahoo.com
Jonelle|Epps|Kvoo Radio|6041990|109912.1359|52347 San Fernando Rd|Coppabella|QLD|4741|0780858351|0461339731|jepps@hotmail.com
Rosamond|Amlin|"Donovan, William P Esq"|17121970|838977.9474|5399 Mcwhorter Rd|Calala|NSW|2340|0280075034|0438251615|rosamond.amlin@gmail.com
Johnson|Mcenery|Overseas General Business Co|11011979|708851.2867|7 Hall St|Nambucca Heads|NSW|2448|0217184983|0446721262|johnson@gmail.com
Elliot|Scatton|Nilad Machining|15082000|694590.8307|5 W Allen St|Mccullys Gap|NSW|2333|0236479507|0481878290|elliot.scatton@hotmail.com
Gerri|Perra|"Byrne, Beth Hobbs"|6091989|193692.3147|15126 Goldenwest St|Toowoomba South|QLD|4350|0760197861|0416887937|gerri@yahoo.com
Rosendo|Jelsma|"Dileo, Lucille A Esq"|23061988|899584.8853|94 I 55s S|Applecross|WA|6953|0877124785|0477239199|rosendo_jelsma@hotmail.com
Eveline|Brickhouse|First Express|10061970|134867.9338|288 N 168th Ave #266|Camberwell West|VIC|3124|0395179800|0463242525|eveline@yahoo.com
Laurene|Bennett|Elbin Internatl Baskets|10081998|389773.5843|5 Richmond Ct|North Perth|WA|6906|0829692908|0468234875|laurene_bennett@gmail.com
Tegan|Ebershoff|Multiform Business Printing|20061993|282820.1645|28 Aaronwood Ave Ne|Coombell|NSW|2470|0266049720|0499760910|tegan_ebershoff@hotmail.com
Tracie|Huro|Jin Shin Travel Agency|9121983|628636.2218|39701 6th Ave #1485|Pacific Heights|QLD|4703|0719516787|0494620234|thuro@gmail.com
Mertie|Kazeck|Electra Gear Divsn Regal|12031989|99216.79392|35662 S University Blvd|Guildford|WA|6935|0854756162|0446422535|mertie.kazeck@kazeck.com.au
Clare|Bortignon|Sparta Home Center|24091984|250734.1386|73 Dennison St #70|Herron|WA|6210|0892566135|0423874910|clare_bortignon@hotmail.com
Rebeca|Baley|R A C E Enterprises Inc|4091991|473553.7631|9591 Bayshore Rd #637|Mirrool|NSW|2665|0270497728|0486736129|rebeca_baley@hotmail.com
Nilsa|Pawell|Jersey Wholesale Fence Co Inc|28051991|190127.2007|57 N Weinbach Ave|Bundaberg West|QLD|4670|0789978513|0486504582|npawell@pawell.net.au
Samuel|Arellanes|"Ryan, Barry M Esq"|22061996|400468.9263|286 Santa Rosa Ave|Lane Cove|NSW|1595|0279956787|0446710661|samuel.arellanes@arellanes.net.au
Ivette|Servantes|"Albright, Alexandra W Esq"|3051995|72478.43897|446 Woodward Ave #1|Reservoir|VIC|3073|0398019429|0488109742|ivette_servantes@servantes.com.au
Merrilee|Fajen|Gazette Record|1021975|610810.6519|1 Jenks Ave|Upper Kedron|QLD|4055|0791041459|0489493308|merrilee@fajen.net.au
Gianna|Eilers|Cochnower Pest Control|6022000|498509.5611|7 Valley Blvd|Buchan|VIC|3885|0343285253|0418994884|gianna@yahoo.com
Hyman|Phinazee|Als Village Stationers|15011990|587637.4109|42741 Anania Dr|Beltana|SA|5730|0857569456|0446460955|hphinazee@yahoo.com
Buck|Pascucci|A B C Pattern & Foundry Co|19101987|846108.1754|5 Shakespeare Ave|Kingswood|SA|5062|0892791731|0453818566|buck@yahoo.com
Kenny|Leicht|Gaddis Court Reporting|7051984|824717.4914|245 5th Ave|Nicholls Rivulet|TAS|7112|0362408274|0486712822|kenny@leicht.com.au
Tabetha|Bai|Howard Johnson|17051977|692808.2737|2 Gateway Ctr|Upper Mount Gravatt|QLD|4122|0768136477|0438141107|tabetha.bai@gmail.com
Alonso|Popper|Sunrise Cirby Animal Hospital|10111980|523465.359|3175 Northwestern Hwy|Ridgley|TAS|7321|0370367071|0448235525|alonso_popper@hotmail.com
Alonzo|Polek|Braid Electric Co|24062000|667852.4757|8 S Plaza Dr|Tubbut|VIC|3888|0324037167|0419100429|alonzo_polek@polek.net.au
Son|Magnotta|"Lisko, Roy K Esq"|6011997|70695.88198|8 Collins Ave|Collingullie|NSW|2650|0223767653|0446520807|son.magnotta@magnotta.net.au
Jesusita|Druck|House Of Ing|3091998|459293.3072|9526 Lincoln St|Munno Para|SA|5115|0836053943|0424741530|jesusita@druck.net.au
Annice|Kunich|"Hassanein, Nesa E Esq"|13031983|682112.9317|406 E 4th St|Tyagarah|NSW|2481|0267696153|0449775616|annice_kunich@kunich.net.au
Delila|Buchman|Frasier Karen L Kolligs|7061988|753415.2116|361 Via Colinas|Redgate|WA|6286|0817917668|0454544286|delila.buchman@hotmail.com
Iraida|Sionesini|Arc Of Montgomery County Inc|23111970|179431.8588|94 S Jefferson Rd|Modewarre|VIC|3240|0348125654|0490625307|iraida.sionesini@yahoo.com
Alona|Driesenga|"Redington, Thomas P Esq"|19121983|370165.4574|8961 S Central Expy|Stirling Range National Park|WA|6338|0867774159|0428176191|alona_driesenga@hotmail.com
Lajuana|Vonderahe|Milwaukee Courier Inc|16061999|350557.3304|7 Wiley Post Way|Trowutta|TAS|7330|0356612424|0430111686|lajuana.vonderahe@yahoo.com
Madelyn|Maestri|Mervis Steel Co|27041969|553768.828|60 S 4th St|Rouse Hill|NSW|2155|0221298131|0413115438|madelyn.maestri@yahoo.com
Louann|Susmilch|M Sorkin Sanford Associates|15012002|63565.65399|6 Lafayette St #3034|Wyandra|QLD|4489|0750354889|0489594290|louann_susmilch@yahoo.com
William|Devol|Low Country Kitchen & Bath|10121996|478901.4341|35 Jefferson Ave|Goondi Hill|QLD|4860|0749635297|0485183917|wdevol@devol.net.au
Corazon|Grafenstein|Spieker Properties|17021981|917410.4552|3492 88th St|Hill River|WA|6521|0816247236|0481500964|cgrafenstein@gmail.com
Fairy|Burket|Walker & Brehn Pa|31031987|505639.7891|20 Sw 28th Ter|Fairview Park|SA|5126|0891597562|0472806350|fairy_burket@burket.com.au
Lashawn|Urion|U Stor|24111972|423642.1673|6 Argyle Rd|Bar Beach|NSW|2300|0247946673|0436337750|lurion@yahoo.com
Ronald|Gayner|"Moorhead, Michael D Esq"|20081972|211517.8847|438 E Reynolds Rd #239|University Of Tasmania|TAS|7005|0377349557|0499737220|rgayner@hotmail.com
Shizue|Hayduk|R M Sloan Co Inc|18101974|122390.0349|47 Hall St|Regent West|VIC|3072|0322979891|0456480906|shayduk@gmail.com
Nida|Fitz|Star Limousine|26091968|635766.4498|17720 Beach Blvd|Oxley|QLD|4075|0774452572|0473495435|nfitz@hotmail.com
Amos|Limberg|Pioneer Telephone Paging|15081991|519900.2451|8 2nd St|Don|TAS|7310|0345399131|0492444651|alimberg@limberg.com.au
Dexter|Prosienski|Communication Buildings Amer|6081978|751632.6546|490 Court St|Nyora|VIC|3987|0324546523|0472707132|dexter@prosienski.net.au
Ludivina|Calamarino|Components & Equipment Co|2012001|172301.6308|1456 Hill Rd|Croydon|QLD|4871|0753784498|0482267844|lcalamarino@yahoo.com
Ariel|Stavely|Grand Rapids Right To Life|31101974|67130.76799|6 7th St|Scottsdale|TAS|7260|0365104788|0441579823|ariel_stavely@stavely.com.au
Haley|Vaughn|Martin Nighswander & Mitchell|21021977|617940.8799|29 Nottingham Way #926|Montrose|VIC|3765|0370356484|0430736276|haley_vaughn@vaughn.net.au
Raelene|Legeyt|Barter Systems Inc|26081992|666069.9188|8818 Century Park E #33|Oak Park|VIC|3046|0348781766|0463745755|raelene@gmail.com
Micaela|Shiflett|W R Grace & Co|5021993|182996.9727|4 Commerce Center Dr|Nailsworth|SA|5083|0888568589|0451514152|micaela_shiflett@shiflett.com.au
Alpha|Prudhomme|"Davis, J Mark Esq"|17011988|281037.6075|979 S La Cienega Blvd #627|Tarong|QLD|4615|0790538045|0464687686|aprudhomme@hotmail.com
Zack|Warman|Roswell Honda Partners|15031979|341644.5454|9181 E 26th St|Kensington Park|SA|5068|0899482940|0414749850|zwarman@gmail.com
Wilford|Pata|Era Mclachlan John Morgan Real|22101977|450380.5222|8855 North Ave|Ashmore|QLD|4214|0774452538|0445797121|wilford_pata@pata.net.au
Carman|Robasciotti|"Vaughan, James J Esq"|28031987|90304.00894|4 Spinning Wheel Ln|Granya|VIC|3701|0315709956|0420704683|carman_robasciotti@hotmail.com
Carylon|Bayot|Wzyx 1440 Am|24091978|466423.5352|5905 S 32nd St|Alexandra|VIC|3714|0388587088|0475926458|carylon@gmail.com
Gladys|Schmale|Amercn Spdy Printg Ctrs Ocala|21061979|396903.8123|514 Glenn Way|Wirrulla|SA|5661|0845642338|0410812931|gschmale@schmale.net.au
Matilda|Peleg|A & D Pallet Co|23081987|92086.56593|708 S Wilson Way|Weymouth|TAS|7252|0311305685|0481222272|matilda.peleg@hotmail.com
Jacklyn|Wojnar|Nationwide Insurance|9121993|817587.2634|16949 Harristown Rd|Summer Hill|NSW|2287|0262878787|0434382805|jacklyn@hotmail.com
Tashia|Charney|"Gallagher, Owen Esq"|17051981|589419.9679|9 13th Ave S|Shailer Park|QLD|4128|0776595711|0450769383|tashia.charney@charney.net.au
Dorian|Eischens|Thomas Somerville Co|13031968|427207.2812|1 Rock Island Rd #8|Bell|NSW|2786|0277396600|0428946162|deischens@gmail.com
Jesus|Merkt|Unr Rohn|9081993|477118.8771|1554 Bracken Crk|Licola|VIC|3858|0393419757|0492739675|jesus_merkt@merkt.net.au
Brandee|Svoboda|Cath Lea For Relig & Cvl Rgts|17111977|534160.701|7 10th St W|Walyormouring|WA|6460|0836145966|0419644936|brandee_svoboda@svoboda.net.au
Edda|Mcquaide|Eagles Nest|18021971|199039.9857|9 Cron Hill Dr|Boronia|VIC|3155|0314658645|0416330811|emcquaide@yahoo.com
Felix|Bumby|Epsilon Products Company|8081994|865716.3023|82 Tremont St #4|Baddaginnie|VIC|3670|0314313996|0485718212|felix.bumby@bumby.com.au
Ben|Kellman|"Anderson, Julie A Esq"|2111986|404034.0403|30024 Whipple Ave Nw|Berrilee|NSW|2159|0279689243|0441733809|ben_kellman@kellman.net.au
Mickie|Upton|Oakey & Oakey Abstrct Burnett|21101972|626853.6648|900 W Wood St|Barmaryee|QLD|4703|0776475420|0499576666|mickie.upton@yahoo.com
Phung|Krome|Pacific Scientific Co|22011971|469988.6492|847 Norristown Rd|Longford|TAS|7301|0396175392|0417815258|pkrome@yahoo.com
Lashonda|Langanke|"Krausert, Diane D Esq"|2011972|279255.0505|667 S Highland Dr #4|Simson|VIC|3465|0398387533|0491793730|lashonda@langanke.net.au
Patria|Popa|Blaney Sheet Metal|10091989|149128.3898|21 W 2nd St|Killabakh|NSW|2429|0265223993|0493319728|patria.popa@gmail.com
Nidia|Horr|"Goodknight, David R"|23121995|484249.1051|2 W Henrietta Rd #6|Paluma|QLD|4816|0784418214|0437170488|nidia@gmail.com
Skye|Culcasi|Sullivan & Associates Ltd|28051996|746284.9836|82655 Shawnee Mission Pky #5798|Barnawartha|VIC|3688|0390753104|0451601420|skye_culcasi@hotmail.com
Kanisha|Reyelts|American Board Of Surgery|5031981|550203.714|9 Taylor Ave|Holwell|TAS|7275|0329218418|0423358965|kreyelts@yahoo.com
Hector|Barras|Vernon Manor Hotel|26081972|503857.2321|62 J St #450|Combienbar|VIC|3889|0330178394|0438431666|hector.barras@barras.com.au
Stefan|Mongolo|Keith Altizer & Company Pa|26081992|641114.1208|2 Pennington St|Port Adelaide|SA|5015|0845636214|0495777435|stefan_mongolo@mongolo.net.au
Francoise|Byon|H P Stran & Co|3041970|111694.6929|5496 Ne Columbia Blvd|Klemzig|SA|5087|0839149404|0430357187|francoise@hotmail.com
Lindy|Vandermeer|Southern National Bank S Car|30051976|166953.9598|4244 Lucas Creek Rd|Emu Park|QLD|4710|0794079202|0417325352|lindy@vandermeer.com.au
Arthur|Diniz|American Western Mortgage|9081979|879976.7583|79819 Palmetto Ave|Travancore|VIC|3032|0325173453|0429206122|arthur@gmail.com
Nicholle|Hulme|Oxner Vallerie|25081977|247169.0246|7 N Glenn Rd|Whetstone|QLD|4387|0771444719|0476915729|nicholle_hulme@hulme.com.au
Tijuana|Mesch|Rochelle Cold Storage|3031983|507422.3461|61 Center St #8|Corella|QLD|4570|0714159307|0444393673|tijuana_mesch@gmail.com
Lorenza|Schoenleber|Mail Boxes Etc|12121980|555551.385|562 Nw Cornell Rd|Humpty Doo|NT|0836|0880817779|0445830408|lorenza.schoenleber@schoenleber.com.au
Iola|Baird|Xandex Inc|4081973|822934.9344|48 General George Patton Dr #8611|Goode Beach|WA|6330|0823255905|0482635206|ibaird@baird.net.au
Sang|Weigner|"Hander, Deborah G Esq"|11081977|145563.2758|9 W Passaic St|Heidelberg Rgh|VIC|3081|0389125755|0419565485|sweigner@gmail.com
Leonor|Prez|Vinco Furniture Inc|25091994|236473.6826|968 Delaware Ave|Waterloo|NSW|2017|0274638776|0466155348|lprez@prez.com.au
Silvana|Whelpley|Stamp House|2111980|712416.4007|548 Charmonie Ln|Minyip|VIC|3392|0351756193|0489343254|swhelpley@yahoo.com
Anthony|Stever|Burton & Davis|27121991|346992.2164|91114 Grand Ave|Hunchy|QLD|4555|0770928542|0495801419|anthony.stever@hotmail.com
Wenona|Carmel|"Maier, Kristine M"|26121996|901367.4423|44 Bush St|Grosvenor Place|NSW|1220|0228321545|0439849209|wenona@gmail.com
Isadora|Yurick|J M Edmunds Co Inc|1071980|357687.5584|6 Mahler Rd|Pacific Paradise|QLD|4564|0795956042|0412855847|iyurick@hotmail.com
Mose|Vonseggern|Art Concepts|19051971|724894.2996|1 E Main St|Hungerford|QLD|4493|0757698004|0467531601|mose_vonseggern@hotmail.com
Marci|Aveline|"Richards, Don R Esq"|21111995|305993.4055|58 State St #998|Boya|WA|6056|0833423889|0447443927|marci.aveline@hotmail.com
Michel|Hoyne|B & B Environmental Inc|30081976|84956.33795|11408 Green St|Elizabeth West|SA|5113|0861839260|0481466206|michel@hoyne.com.au
Stephania|Connon|Printing Delite|12091996|86738.89495|297 8th Ave S #9|Gumly Gumly|NSW|2652|0257255992|0416443185|stephania.connon@connon.com.au
Charolette|Turk|Weil Mclain Co|10081982|412946.8253|1 Wyckoff Ave|Wilmington|SA|5485|0847355054|0430400899|cturk@yahoo.com
Katie|Magro|"Jones, Andrew D Esq"|2031974|707068.7297|8 E North Ave|Pagewood|NSW|2035|0272659702|0439832641|katie_magro@gmail.com
Inocencia|Angeron|South Adams Savings Bank|28032001|678547.8177|13386 Tamarco Dr #20|Tawonga|VIC|3697|0362682647|0482712669|inocencia.angeron@angeron.net.au
Nikita|Novosel|Universal Granite & Marble Inc|6071978|603680.4239|70 W Market St #20|Hamlyn Heights|VIC|3215|0357161053|0470886805|nikita_novosel@novosel.net.au
Malcolm|Gohlke|Imagelink|31081977|783718.6805|53247 Montgomery St #36|Southtown|QLD|4350|0798263950|0450887422|malcolm@yahoo.com
Desiree|Englund|Wrrr Fm|29091985|883541.8723|9495 Central Hwy #66|East Bowes|WA|6535|0852894594|0414731630|denglund@gmail.com
Holley|Worland|Lord Aeck & Sargent Architects|25012000|453945.6362|2 Route 9|Blue Haven|NSW|2262|0298859593|0469808491|holley.worland@hotmail.com
Maryann|Tates|Dalbec Agency Inc|1081974|812239.5925|75700 Academy Rd|Cramphorne|WA|6420|0815204093|0479474917|mtates@yahoo.com
Ling|Dibello|Reese Press Inc|22021984|749850.0976|6 Monte Ave|Beelbi Creek|QLD|4659|0713306750|0444175406|ling_dibello@yahoo.com
Hailey|Kopet|"Stokes, Fred J Esq"|10061997|97434.23692|5 France Ave S|Tanbar|QLD|4481|0737991667|0443979875|hailey_kopet@kopet.com.au
Farrah|Malboeuf|"Slachter, David Esq"|2011975|65348.21099|803 Tupper Ln|Ringwood|VIC|3134|0371396376|0472511112|farrah@malboeuf.com.au
Candra|Deritis|Girling Health Care Inc|12101984|735589.6416|43 Nolan St|Battery Point|TAS|7004|0342313633|0439769439|candra@deritis.net.au
Reuben|Hegland|Welders Supply Service Inc|5091987|607245.5379|6 W 39th St|Milton|NSW|2538|0214025215|0489476500|reuben@yahoo.com
Anglea|Andrion|"Engelbrecht, William H Esq"|21071995|343427.1024|910 21st St|Laura|QLD|4871|0732392830|0442946694|anglea.andrion@andrion.com.au
Paris|Tuccio|Nancy Brandon Realtor|9031980|537725.815|2677 S Jackson St|Kidman Park|SA|5025|0888682010|0417281870|paris.tuccio@hotmail.com
Latricia|Schmoyer|Flanagan Lieberman Hoffman|24081998|922758.1262|6 Central Ave #4|Woodville|SA|5011|0854443296|0459945995|latricia_schmoyer@hotmail.com
Jeffrey|Leuenberger|Walter W Lawrence Ink|10081968|860368.6314|564 Almeria Ave #7474|Pedler Creek|SA|5171|0812674421|0436612609|jleuenberger@yahoo.com
Dean|Vollstedt|Ship It Packaging Inc|25081997|557333.942|4 Grand St|Muckleford South|VIC|3462|0367761146|0492559630|dvollstedt@vollstedt.com.au
Deane|Haag|Malsbary Mfg Co|5111994|380860.7993|9 Hamilton Blvd #299|Sydney South|NSW|1235|0297182944|0453828758|dhaag@hotmail.com
Edelmira|Pedregon|Independence Marine Corp|29121971|842543.0614|50638 Northwest Blvd|Bandy Creek|WA|6450|0884843223|0454458365|edelmira_pedregon@hotmail.com
Andrew|Keks|Anthonys|29031978|334514.3174|51 Bridge Ave|Carwarp|VIC|3494|0352513153|0499155325|andrew@gmail.com
Miesha|Decelles|L M H Inc|23011973|83173.78095|457 St Sebastian Way #189|Eltham|VIC|3095|0351856258|0440277657|mdecelles@decelles.net.au
Javier|Osmer|Milgo Industrial Inc|16101980|359470.1154|6 Ackerman Rd|Doncaster East|VIC|3109|0383696924|0489202570|javier@osmer.com.au
Kizzy|Stangle|"Rogers, Clay M Esq"|21031987|76043.55297|8 W Lake St #1|Welbungin|WA|6477|0819373980|0474218755|kizzy.stangle@yahoo.com
Sharan|Wodicka|Usa Asbestos Co|25041987|222213.2267|8454 6  17 M At Bradleys|Shenton Park|WA|6008|0847122157|0413129424|sharan@wodicka.net.au
Novella|Fritch|"Voils, Otis V"|10041982|245386.4676|5 Ellestad Dr|Girraween|NSW|2145|0226121455|0458731791|nfritch@fritch.com.au
German|Dones|Oaz Communications|19011977|778371.0095|9 N Nevada Ave|Woronora|NSW|2232|0223933289|0495882447|german@gmail.com
Robt|Blanck|Elan Techlgy A Divsn Mansol|28081998|544856.043|790 E Wisconsin Ave|Woodbury|TAS|7120|0365179318|0415690961|robt.blanck@yahoo.com
Rossana|Biler|Norfolk County Newton Lung|14121987|646461.7918|60481 N Clark St|Lee Point|NT|0810|0898552125|0461569843|rossana.biler@biler.net.au
Henriette|Gish|Parker Bush & Lane Pc|1081998|862151.1884|43 E Main St|Baranduda|VIC|3691|0399355135|0413952396|henriette.gish@gish.net.au
Buffy|Stitely|Stylecraft Corporation|2101995|849673.2894|5 Madison St #4651|Police Point|TAS|7116|0316005230|0451121905|buffy_stitely@stitely.com.au
Christiane|Osmanski|"Bennett, Matthew T Esq"|22031974|206170.2137|85 Nw Frontage Rd|Williamstown|WA|6430|0896939052|0418813310|christiane@gmail.com
Annamae|Lothridge|Highland Meadows Golf Club|1061989|150910.9468|584 Meridian St #997|Civic Square|ACT|2608|0219193941|0495759817|alothridge@hotmail.com
Vanesa|Glockner|"Nelson, Michael J Esq"|12051981|596550.1959|28220 Park Avenue W|Taragoola|QLD|4680|0770524547|0496610278|vanesa@glockner.com.au
Gennie|Pastorino|"Henry, Robert J Esq"|17031968|496727.0041|5 Austin Ave|Charleston|SA|5244|0847532870|0425685933|gennie.pastorino@gmail.com
Tamra|Kenfield|Mackraft Signs|1011986|837195.3904|481 925n N #959|Kealy|WA|6280|0856149153|0438378139|tkenfield@kenfield.com.au
Tien|Kinney|Orco State Empl Fed Crdt Un|24081980|204387.6567|9 9th St #4|Lillimur|VIC|3420|0377676169|0468244186|tien_kinney@kinney.com.au
Malcom|Leja|"Johnsen, Robert U Esq"|31121973|77826.10996|56232 Hohman Ave|Officer|VIC|3809|0324779133|0412417394|malcom@leja.com.au
Claudia|Gawrych|Abe Goldstein Ofc Furn|30121994|853238.4034|3 Wall St #26|Lilli Pilli|NSW|2229|0242463092|0465885293|claudia@gmail.com
Page|Entzi|Roland Ashcroft|10031976|785501.2375|63154 Artesia Blvd|Blue Rocks|TAS|7255|0324845500|0497335342|page@entzi.net.au
Lorita|Roches|Village Meadows|10121977|61783.097|32 E Poythress St|Westminster|WA|6061|0823583115|0436530773|lorita_roches@roches.net.au
Annita|Lek|Busada Manufacturing Corp|12011988|698155.9447|86274 Howell Mill Rd Nw|Karama|NT|0812|0833843181|0426888203|annita.lek@lek.net.au
Eliseo|Mikovec|Air Flow Co Inc|11051978|919193.0122|25488 Brickell Ave|Ocean Shores|NSW|2483|0298292371|0497955472|emikovec@mikovec.com.au
Tyisha|Layland|Freitag Pc|11102000|322036.4185|270 5th Ave|Eastwood|SA|5063|0821586758|0490478206|tyisha@yahoo.com
Colene|Tolbent|Saw Repair & Supply Co|9051998|632201.3358|891 Union Pacific Ave #8463|Gloucester|NSW|2422|0243761104|0466541467|colene.tolbent@tolbent.net.au
Francis|Senters|Middendorf Meat Quality Foods|8101983|364817.7864|4562 Aurora Ave N|Heidelberg Rgh|VIC|3081|0359337288|0463965946|fsenters@gmail.com
Hester|Dollins|Eagle Plywood & Door Mfrs Inc|23121996|871063.9733|4864 N 168th Ave|The Risk|NSW|2474|0216226412|0473268319|hester_dollins@gmail.com
Susana|Baumgarter|"Leigh, Lewis R Esq"|13091981|486031.6621|7 Elm Ave|Yanco|NSW|2703|0254105137|0491209954|susana.baumgarter@yahoo.com
Dahlia|Tummons|Bare Bones|15101994|710633.8437|6508 Adams St #32|Port Fairy|VIC|3284|0382168640|0430768907|dahlia.tummons@gmail.com
Osvaldo|Falvey|"Avila, Edward G Esq"|28021989|131302.8199|6434 Westchester Ave #28|Queenton|QLD|4820|0748545045|0437545265|osvaldo.falvey@yahoo.com
Armando|Barkley|Oregon Handling Equip Co|10091976|671417.5897|70680 S Rider Trl|Watercarrin|WA|6407|0881618201|0465254471|armando.barkley@yahoo.com
Torie|Deras|"Reynolds, Stephen R Esq"|12091984|564464.17|700 Factory Ave #5649|Yeppoon|QLD|4703|0783714719|0426991115|torie_deras@yahoo.com
Tamie|Hollimon|Credit Union Of The Rockies|25011989|156258.6178|3 Cherokee St|Bobalong|WA|6320|0870465484|0423870900|tamie@hollimon.com.au
Lettie|Hessenthaler|"Sullivan, John M Esq"|21071993|300645.7345|76542 W Bijou St|Wurdiboluc|VIC|3241|0358555156|0454956810|lettie_hessenthaler@hessenthaler.net.au
Chaya|Muhlbauer|Henry D Lederman|19081969|642896.6778|44009 W 63rd #269|North Dandalup|WA|6207|0859434352|0469609289|chaya_muhlbauer@muhlbauer.net.au
Terina|Wildeboer|"Burress, S Paige Esq"|15061993|405816.5973|462 Morris Ave|Seddon|VIC|3011|0391077349|0438810326|terina_wildeboer@wildeboer.com.au
Lisbeth|Agney|Dynetics|14111995|163388.8458|1 El Camino Real #603|Hindmarsh|WA|6462|0811844145|0449675754|lisbeth.agney@agney.net.au
Lillian|Dominique|West Pac Environmental Inc|16011980|765893.1105|92417 Arbuckle Ct|Julia Creek|QLD|4823|0735946592|0490548561|lillian@hotmail.com
Corrina|Lindblom|Progressive Machine Co|7011973|568029.284|1 Westpark Dr|Salter Point|WA|6152|0879155110|0463118373|clindblom@gmail.com
Dylan|Chaleun|Berhanu International Foods|5062001|138433.0478|5 Montana Ave|Lilydale|QLD|4344|0723192889|0412631864|dylan_chaleun@hotmail.com
Jerrod|Luening|"Mcmillan, Regina E Esq"|25021993|177649.3018|6629 Main St|Tea Gardens|NSW|2324|0295549632|0451857511|jerrod_luening@luening.com.au
Gracie|Vicente|Central Nebraska Home Care|28121971|931670.9112|4 W 18th St|Oxley|VIC|3678|0324448291|0420776847|gracie.vicente@hotmail.com
Barabara|Amedro|Unicircuit Inc|6041970|420077.0533|95412 16th St #6|Yallah|NSW|2530|0234496894|0467209469|barabara@amedro.net.au
Delsie|Ducos|F H Overseas Export Inc|8111992|409381.7113|17 Kamehameha Hwy|Cavendish|VIC|3314|0313618465|0458548827|dducos@hotmail.com
Cassie|Digregorio|"Musgrave, R Todd Esq"|26081969|810457.0355|8650 S Valley View Bld #6941|Condobolin|NSW|2877|0279225417|0433677495|cdigregorio@digregorio.net.au
Tamekia|Kajder|Santek Inc|26021996|687460.6027|16 Talmadge Rd|West Tamworth|NSW|2340|0274988576|0418218423|tamekia_kajder@yahoo.com
Johanna|Saffer|Springer Industrial Equip Inc|23081996|297080.6205|750 Lancaster Ave|Campsie|NSW|2194|0259701748|0477424229|johanna@yahoo.com
Sharita|Kruk|"Long, Robert B Jr"|25041985|805109.3645|8808 Northern Blvd|Merrylands|NSW|2160|0273864544|0442976132|sharita_kruk@gmail.com
Gerald|Chrusciel|"Prusax, Maximilian M Esq"|10021997|345209.6594|76596 Pleasant Hill Rd|Townsville Milpo|QLD|4813|0774466315|0426833750|gerald@chrusciel.net.au
Ardella|Dieterich|Custom Jig Grinding|28121980|584072.2969|94 Delta Fair Blvd #2702|Runnymede|QLD|4615|0735819462|0426488593|ardella.dieterich@yahoo.com
Jackie|Kellebrew|Senior Village Nursing Home|4061982|674982.7037|25 Sw End Blvd #609|Coominya|QLD|4311|0798406419|0448206407|jackie.kellebrew@kellebrew.com.au
Mabelle|Ramero|"Mchale, Joseph G Esq"|12041995|264994.5946|15258 W Charleston Blvd|Aroona|QLD|4551|0788576463|0427579588|mabelle.ramero@ramero.net.au
Jonell|Biasi|Pestmaster Services Inc|2121996|592985.0819|75 Ryan Dr #70|Duramana|NSW|2795|0250952983|0486778453|jbiasi@biasi.net.au
Linwood|Wessner|Moorhead Associates Inc|7061983|633983.8928|9634 South St|Saltwater River|TAS|7186|0360532447|0487913509|linwood.wessner@hotmail.com
Samira|Heninger|Alb Inc|25121987|938801.1392|40490 Morrow St|Bluff|QLD|4702|0795122457|0443539658|sheninger@yahoo.com
Julieta|Cropsey|Atrium Marketing Inc|20091977|715981.5147|9 Commerce Cir|Kingaroy|QLD|4610|0742176258|0420286404|julieta@yahoo.com
Serita|Barthlow|Machine Design Service Inc|24031986|102781.9079|190 34th St #8|Nangetty|WA|6522|0829417378|0493703129|serita_barthlow@gmail.com
Tori|Tepley|Mcwhirter Realty Corp|7121978|535943.258|1036 Malone Rd|Uarbry|NSW|2329|0224931870|0449807281|tori@tepley.net.au
Nancey|Whal|National Mortgage Co|31011998|803326.8075|398 Fort Campbell Blvd #923|Cudgera Creek|NSW|2484|0232483283|0426612418|nancey@whal.net.au
Wilbert|Beckes|"Alvis, John W Esq"|15071998|263212.0376|2799 Cajon Blvd|East Nanango|QLD|4615|0791786430|0455947547|wilbert@hotmail.com
Werner|Hermens|Community Health Law Project|17061978|468206.0922|302 N 10th St #3896|Oakleigh South|VIC|3167|0390855714|0462625869|whermens@hermens.net.au
Sunny|Catton|Highway Rentals Inc|14041988|510987.4601|79346 Firestone Blvd|Gununa|QLD|4871|0712179907|0450440670|scatton@catton.com.au
Keva|Moehring|Rapid Reproductions Printing|27031975|847890.7324|37564 Grace Ln|Salamander Bay|NSW|2317|0291874769|0448465944|keva.moehring@moehring.net.au
Mary|Dingler|Autocrat Inc|18071992|835412.8334|470 W Irving Park Rd|Bundaberg North|QLD|4670|0739634469|0452920972|mary.dingler@gmail.com
Huey|Bukovac|Venino And Venino|22071987|945931.3672|6 Jefferson St|Middleton|SA|5213|0852362143|0486924555|huey.bukovac@hotmail.com
Antonio|Eighmy|Corporex Companies Inc|10041971|657157.1338|1758 Park Pl|Eaglemont|VIC|3084|0361447318|0438100197|antonio.eighmy@yahoo.com
Quinn|Weissbrodt|Economy Stainless Supl Co Inc|9061990|188344.6437|7659 Market St|Premer|NSW|2381|0272399923|0432253912|qweissbrodt@weissbrodt.com.au
Carin|Georgiades|Dgstv Diseases Cnslnts|20092001|819369.8204|95830 Webster Dr|Trott Park|SA|5158|0883433550|0475701279|cgeorgiades@gmail.com
Jill|Davoren|Broaches Inc|3051972|600115.3099|26 Old William Penn Hwy|Boynewood|QLD|4626|0716989047|0468451905|jill_davoren@davoren.net.au
Sanjuana|Goodness|Woods Manufactured Housing|21041976|664287.3618|343 E Main St|Maraylya|NSW|2765|0222082711|0436444424|sgoodness@goodness.net.au
Elin|Koerner|Theos Software Corp|5031991|717764.0716|8 Cabot Rd|Wayville|SA|5034|0852219700|0472281671|elin_koerner@koerner.com.au
Charlena|Decamp|Stanco Metal Products Inc|4031981|933453.4682|8 Allied Dr|Burnside|WA|6285|0876152416|0469445592|charlena@gmail.com
Annette|Breyer|Xyvision Inc|11101993|614375.7659|26921 Vassar St|Daradgee|QLD|4860|0754179612|0484806405|abreyer@hotmail.com
Alexis|Morguson|Carrera Casting Corp|15051994|625071.1078|9 Old York Rd #418|Weetulta|SA|5573|0818951457|0475760952|amorguson@morguson.com.au
Princess|Saffo|Asian Jewelry|22061977|773023.3385|12398 Duluth St|Auburn|NSW|1835|0226566234|0467758219|princess_saffo@hotmail.com
Ashton|Sutherburg|Southwark Corporation|1081999|562681.613|960 S Arroyo Pkwy|South Hobart|TAS|7004|0392153224|0427327492|asutherburg@gmail.com
Elmer|Redlon|Kdhl Am Radio|17091985|703503.6157|53 Euclid Ave|Forbes|NSW|2871|0210754690|0463757229|elmer@hotmail.com
Aliza|Akiyama|"Kelly, Charles G Esq"|12091998|355905.0014|700 Wilmson Rd|Forest Reefs|NSW|2798|0293247803|0445609538|aliza@yahoo.com
Ora|Handrick|Fennessey Buick Inc|16021974|726676.8566|466 Hillsdale Ave|Rocklands|VIC|3401|0383574617|0411111689|ora.handrick@gmail.com
Brent|Ahlborn|Apex Bottle Co|21112001|789066.3515|86351 Pine Ave|Oaklands Park|SA|5046|0845639520|0492994709|bahlborn@ahlborn.com.au
Tora|Telch|Shamrock Food Service|6012001|437902.6232|6139 Contractors Dr #450|Buckland Park|SA|5120|0888088104|0429419390|tora@telch.net.au
Hildred|Eilbeck|Plastic Supply Inc|2061975|243603.9106|83 Longhurst Rd|Longwood|SA|5153|0829224115|0463881817|hildred_eilbeck@eilbeck.net.au
Dante|Freiman|Gaylord|17061976|576942.0689|76 Daylight Way #7|Varsity Lakes|QLD|4227|0719644238|0432682937|dante_freiman@freiman.net.au
Emmanuel|Avera|Bank Of New York Na|23051970|475336.3201|3883 N Central Ave|Appin|NSW|2560|0219878525|0498489459|emmanuel@yahoo.com
Keshia|Wasp|"Cole, Gary D Esq"|15021976|699938.5017|75 E Main|Adelaide River|NT|0846|0816839243|0439885729|kwasp@wasp.net.au
Sherman|Mahmud|"Gencheff, Nelson E Do"|3061991|928105.7972|9 Memorial Pky Nw|Harris Park|NSW|2150|0226213361|0468488918|sherman@mahmud.com.au
Lore|Brothers|American General Finance|17121982|354122.4444|70086 Division St #3|Kallista|VIC|3791|0387803473|0449337116|lore@hotmail.com
Shawn|Weibe|"Feutz, James F Esq"|12051999|575159.5119|4 Middletown Blvd #33|Camena|TAS|7316|0394809611|0456595946|shawn@hotmail.com
Karima|Cheever|Kwik Kopy Printing & Copying|2031989|387991.0273|20907 65s S|Woodberry|NSW|2322|0259778561|0416963557|karima_cheever@hotmail.com
Francesco|Kloos|Borough Clerk|4051982|363035.2294|82136 Post Rd|Rocky Gully|WA|6397|0816874873|0420185206|fkloos@kloos.com.au
King|Picton|U S Rentals|13061977|755197.7686|3 W Pioneer Dr|Preston Beach|WA|6215|0876052080|0468322703|king@hotmail.com
Mica|Simco|Katz Brothers Market Inc|28051999|920975.5692|5610 Holliday Rd|Brigalow|QLD|4412|0710373391|0471169302|msimco@gmail.com
Lamonica|Princiotta|Grossman Tuchman & Shah|27121983|491379.3331|29133 Hammond Dr #1|Beermullah|WA|6503|0852272620|0425628359|lamonica@hotmail.com
Curtis|Ware|American Inst Muscl Studies|23111997|361252.6724|51 Greenwood Ave|Ridgewood|WA|6030|0862789532|0484331585|curtis@ware.net.au
Sabrina|Rabena|Joyces Submarine Sandwiches|14091968|826500.0484|327 Ward Pky|Bayles|VIC|3981|0356623542|0486768529|sabrina_rabena@hotmail.com
Denae|Saeteun|"Domurad, John M Esq"|30031972|500292.1181|52680 W Hwy 55 #59|Moorabbin Airport|VIC|3194|0328027434|0410539386|denae_saeteun@hotmail.com
Anastacia|Carranzo|Debbies Golden Touch|29091973|728459.4136|654 Se 29th St|Waratah West|NSW|2298|0260783417|0481193115|anastacia@yahoo.com
Irving|Plocica|"Johnston, George M Esq"|11022001|227560.8977|65 Clayton Rd|Cullulleraine|VIC|3496|0390502741|0465434187|irving@hotmail.com
Elenor|Siefken|Chateau Sonesta Hotel|28012001|421859.6103|136 2nd Ave N|Cairns City|QLD|4870|0750858138|0419509353|elenor.siefken@yahoo.com
Mary|Irene|Superior Trading Co|16111980|108129.5789|3 N Michigan Ave|Warding East|WA|6405|0880126469|0411620740|mirene@gmail.com
Crista|Padua|Breathitt Fnrl Home & Mnmt Co|11071988|231126.0116|1607 Laurel St|North Haven|NSW|2443|0294725814|0471602916|crista_padua@gmail.com
Lawana|Yuasa|Viking Lodge|13052001|616158.3229|77818 Prince Drew Rd|Cape Paterson|VIC|3995|0323243472|0456330756|lawana_yuasa@yuasa.net.au
Maryrose|Cove|Brown Bear Bait Company|12111979|797979.1365|1 Vogel Rd|Cabramatta|NSW|2166|0280108344|0440811454|mcove@hotmail.com
Lindsey|Rathmann|Pakzad Advertising|18031969|915627.8982|5 Main St|Kongorong|SA|5291|0812691489|0499741651|lindsey_rathmann@rathmann.com.au
Lynelle|Koury|Jean Barbara Ltd|29061979|225778.3407|7696 Carey Ave|Digby|VIC|3309|0352138219|0462987152|lynelle.koury@koury.net.au
Brice|Bogacz|"Thurmon, Steven P"|27051988|329166.6464|76 San Pablo Ave|Sedan|SA|5353|0852032193|0467821930|bbogacz@hotmail.com
Laine|Killean|"Bussard, Vicki L Esq"|28101990|821152.3774|767 9th Ave Sw|Braybrook|VIC|3019|0328136426|0411276383|laine@gmail.com
Rachael|Crawley|Stamell Tabacco & Schager|1051984|391556.1413|82 Hopkins Plz|Inkpen|WA|6302|0820898553|0459738842|rachael@gmail.com
Della|Selestewa|Aztech Controls Inc|23101992|207952.7707|64 Prairie Ave|Gillieston Heights|NSW|2321|0248858382|0456162659|della.selestewa@gmail.com
Thomasena|Graziosi|Hutchinson Inc|27031999|605462.9809|5 Jackson St|Neerabup|WA|6031|0848494417|0434497618|thomasena@gmail.com
Frederic|Schimke|Curtis & Curtis Inc|26021970|894237.2143|705 Stanwix St|Mount Martha|VIC|3934|0348295695|0435982307|fschimke@schimke.com.au
Halina|Dellen|"Roane, Matthew H Esq"|3092000|218648.1127|3318 Buckelew Ave|Appila|SA|5480|0867422308|0478235293|halina.dellen@dellen.com.au
Ryann|Riston|Best Western Gloucester Inn|15061989|578724.6259|38494 Port Reading Ave|Milton|QLD|4064|0799203550|0423341752|ryann@hotmail.com
Shawn|Vugteveen|Shine|14121987|313123.6335|81 Us Highway 9|Etty Bay|QLD|4858|0731038372|0480561819|svugteveen@vugteveen.net.au
Leah|Milsap|"Schwartz, Seymour I Md"|9091998|509204.9031|45 Mountain View Ave|Lower Hermitage|SA|5131|0840409192|0452193155|leah@milsap.com.au
Ira|Zihal|American Express Publshng Corp|7021998|609028.0949|6 W Meadow St|Degilbo|QLD|4621|0747249987|0466603340|ira.zihal@yahoo.com
Paris|Kinnison|Saratoga Land Office|2051971|571594.3979|2 Old Corlies Ave|Eastern Heights|QLD|4305|0745184450|0454257906|paris.kinnison@gmail.com
Shayne|Sundahl|"Jaywork, John Terence Esq"|9091989|213300.4417|5614 Public Sq|Normanville|SA|5204|0885871196|0443386213|shayne.sundahl@gmail.com
Ernestine|Paavola|Northbros Co Divsn Natl Svc|29121973|439685.1802|6 E Gloria Switch Rd #96|Yorkrakine|WA|6409|0811406357|0414354955|ernestine.paavola@paavola.com.au
Eleonore|Everline|Psychotherapy Associates|29051982|541290.929|1 Us Highway 206|Kialla East|VIC|3631|0353555505|0497442813|eeverline@hotmail.com
Misty|Leriche|K J N Advertising Inc|17051971|229343.4547|5289 Ramblewood Dr|Glen Boughton|QLD|4871|0754861002|0414661490|mleriche@yahoo.com
Na|Hodges|Automatic Feed Co|13071999|352339.8874|5 Aquarium Pl #1|Ongerup|WA|6336|0882151588|0444777459|na_hodges@hotmail.com
Juan|Knudtson|Newton Clerk|25031975|806891.9215|466 Lincoln Blvd|Clunes|VIC|3370|0391736140|0474730764|juan@gmail.com
Gerald|Kloepper|Pleasantville Finance Dept|1031974|947713.9242|42 United Dr|Pierces Creek|QLD|4355|0742974607|0437819518|gerald@yahoo.com
Desmond|Tarkowski|Body Part Connection|7032000|113477.2499|5920 E Arapahoe Rd|Andergrove|QLD|4740|0767935954|0445121372|desmond_tarkowski@hotmail.com
Tommy|Gennusa|Cooper And Raley|23051973|325601.5325|2 New Brooklyn Rd|Concord West|NSW|2138|0254441961|0498290826|tommy@hotmail.com
Adrianna|Poncio|H T Communications Group Ltd|24111976|543073.486|9 34th Ave #69|Bethania|QLD|4205|0761139653|0432130553|adrianna@poncio.com.au
Adaline|Galagher|Debbie Reynolds Hotel|8041978|254299.2526|32716 N Michigan Ave #82|Barooga|NSW|3644|0232251954|0416156336|adaline.galagher@galagher.com.au
Tammi|Schiavi|"Crew, Robert B Esq"|2121970|266777.1516|78 Sw Beaverton Hillsdale H|Willetton|WA|6155|0897072679|0425809254|tammi.schiavi@hotmail.com
Virgilio|Phay|Reef Encrustaceans|18021982|446815.4082|8494 E 57th St|Stratton|WA|6056|0881479584|0460368567|vphay@phay.com.au
Emeline|Sotelo|Reporters Inc|17111981|215082.9987|46 Broadway St|Elimbah|QLD|4516|0772406480|0451790704|emeline@gmail.com
Marcos|Seniff|Arizona Equipment Trnsprt Inc|27121975|598332.7529|228 S Tyler St|Emerald|VIC|3782|0363405010|0464786310|marcos_seniff@gmail.com
Yuonne|Carabajal|Hub Manufacturing Company Inc|15062000|461075.8642|2714 Beach Blvd|Changerup|WA|6394|0874324632|0470345731|ycarabajal@carabajal.com.au
Gladis|Kazemi|Dippin Flavors|4071980|195474.8717|3266 Welsh Rd|Varsity Lakes|QLD|4227|0764443666|0444157156|gkazemi@kazemi.net.au
Muriel|Drozdowski|Harfred Oil Co|14011990|904932.5563|1 S Maryland Pky|Durham Downs|QLD|4454|0756868088|0473213595|muriel_drozdowski@hotmail.com
Juliann|Dammeyer|"Wilheim, Kari A Esq"|6091976|935236.0252|6 De Belier Rue|Bouvard|WA|6210|0835628644|0492961209|juliann@gmail.com
Reiko|Dejarme|Gilardis Frozen Food|16121978|393338.6983|57869 Alemany Blvd|Bentley Dc|WA|6983|0837335261|0414715583|rdejarme@dejarme.net.au
Verdell|Garness|Ronald Massingill Pc|3011978|548421.157|39 Plummer St|Thornton|NSW|2322|0262917620|0474367875|verdell.garness@yahoo.com
Arleen|Kane|"Colosi, Darryl J Esq"|14051990|831847.7194|78717 Graves Ln|Eagle Farm|QLD|4009|0734762066|0430271168|arleen.kane@hotmail.com
Launa|Vanauken|"Tripuraneni, Prabhakar Md"|15052001|414729.3823|30338 S Dunworth St|Peake|SA|5301|0898082647|0423125880|launa@gmail.com
Casandra|Gordis|Carlyle Abstract Co|30081978|869281.4163|6 Walnut St|Chippendale|NSW|2008|0258086388|0418327906|casandra_gordis@gordis.com.au
Julio|Puccini|Streator Onized Fed Crdt Un|3041981|942366.2532|2244 Franquette Ave|Gorokan|NSW|2263|0256329914|0452766262|julio@gmail.com
Alica|Alerte|Valley Hi Bank|23032001|147345.8328|9892 Hernando W|Grevillia|NSW|2474|0269747785|0423831803|aalerte@alerte.com.au
Karol|Sarkissian|Pep Boys Manny Moe & Jack|26041997|143780.7188|9296 Prince Rodgers Ave|Chatsworth|NSW|2469|0234902407|0419430467|ksarkissian@yahoo.com
Wava|Ochs|Knights Inn|20051972|858586.0744|9 Chandler Ave #355|Bawley Point|NSW|2539|0212227812|0445285375|wava.ochs@gmail.com
Felicitas|Gong|Telcom Communication Center|9031991|814022.1494|173 Howard Ave|Weengallon|QLD|4497|0785166453|0470655661|fgong@gong.com.au
Jamie|Kushnir|Bell Electric Co|10021971|739154.7556|3216 W Wabansia Ave|Tuggeranong Dc|ACT|2901|0246238120|0426830817|jamie@kushnir.net.au
Fidelia|Dampier|Signs Now|11041979|856803.5174|947 W Harrison St #640|Dangar Island|NSW|2083|0280359997|0478179538|fidelia_dampier@gmail.com
Kris|Medich|Chieftain Four Inc|11011983|366600.3434|94843 Trabold Rd #59|Shannon|TAS|7030|0365892556|0469243477|kris.medich@hotmail.com
Lashawna|Filan|South Carolina State Housing F|17031975|432554.9522|8 Lincoln Way W #6698|Greenhills|WA|6302|0869374366|0488276458|lashawna.filan@filan.net.au
Lachelle|Andrzejewski|Lucas Cntrl Systems Prod Deeco|26111973|689243.1597|262 Montauk Blvd|Cherrybrook|NSW|2126|0234169617|0453493910|lachelle.andrzejewski@andrzejewski.com.au
Katy|Saltourides|J C S Iron Works Inc|9032000|742719.8696|5040 Teague Rd #65|Junee|NSW|2663|0230031369|0481278876|katy_saltourides@yahoo.com
Bettyann|Fernades|Lsr Pokorny Schwartz Friedman|4011989|482466.5481|54648 Hylan Blvd #883|Tibradden|WA|6532|0829013421|0427971504|bettyann@fernades.com.au
Valda|Levay|Branom Instrument Co|17071977|336296.8744|7463 Elmwood Park Blvd|Tungkillo|SA|5236|0824015672|0434637971|vlevay@levay.net.au
Lynette|Beaureguard|"Young, Craig C Md"|3041970|154476.0608|630 E Plano Pky|Tarawera|QLD|4494|0766793722|0417544301|lynette.beaureguard@hotmail.com
Victor|Laroia|Midwest Marketing Inc|21121970|623288.5508|166 N Maple Dr|Scotts Head|NSW|2447|0281566969|0421987667|victor@laroia.net.au
Pa|Badgero|"Korolishin, Michael Esq"|21011982|202605.0997|20 Meadow Ln|Pakenham Upper|VIC|3810|0318615074|0480433145|pa_badgero@badgero.com.au
Dorathy|Miskelly|Perrysburg Animal Care Inc|11101978|327384.0895|73 Robert S|Westerway|TAS|7140|0363409772|0432706521|dorathy.miskelly@gmail.com
Rodrigo|Schuh|Hospitality Design Group|20051970|200822.5427|512 E Idaho St|Burrier|NSW|2540|0238694096|0430503397|rodrigo_schuh@gmail.com
Stanford|Waganer|Ciba Geigy Corp|19041999|774805.8955|98021 Harwin Dr|East Nabawa|WA|6532|0832001670|0479127500|stanford_waganer@waganer.net.au
Michael|Orehek|"Robinson, Michael C Esq"|20021982|295298.0635|892 Sw Broadway #8|Millers Point|NSW|2000|0219191709|0482613598|michael_orehek@gmail.com
Ines|Tokich|"De Woskin, Alan E Esq"|15041989|261429.4806|192 N Sheffield Ave|Bunya Mountains|QLD|4405|0750177337|0481799605|ines_tokich@tokich.net.au
Dorinda|Markoff|Alumi Span Inc|23101991|937018.5822|5 Columbia Pike|Mayfield East|NSW|2304|0265299317|0412153776|dorinda_markoff@hotmail.com
Clarence|Gabbert|M C Publishing|4081984|744502.4266|35983 Daubert St|Verges Creek|NSW|2440|0247761384|0486302652|clarence.gabbert@gmail.com
Omer|Radel|Phoenix Marketing Rep Inc|8011971|525247.916|678 S Main St|Hill River|WA|6521|0899199540|0439808753|omer_radel@radel.net.au
Winifred|Kingshott|Remc South Eastern|23061985|411164.2683|532 Saint Marks Ct|Marshdale|NSW|2420|0253181342|0471558187|winifred.kingshott@yahoo.com
Theresia|Salomone|"Curran, Carol N Esq"|14081974|546638.6|1337 N 26th St|Bundall|QLD|4217|0782502277|0437687429|theresia_salomone@gmail.com
Daisy|Kearsey|Faber Castell Corporation|10021970|136650.4908|556 Bernardo Cent|Mount Nasura|WA|6112|0821275977|0455503406|dkearsey@yahoo.com
Aretha|Bodle|Palmetto Food Equipment Co Inc|1031989|790848.9085|9561 Chartres St|Parndana|SA|5220|0873852716|0481452729|aretha_bodle@hotmail.com
Bettina|Diciano|Greater Ky Corp|24031968|272124.8226|11999 Main St|Dripstone|NSW|2820|0235667608|0472631448|bdiciano@diciano.com.au
Omega|Mangino|Kajo 1270 Am Radio|10011977|569811.841|495 Distribution Dr #996|Gnotuk|VIC|3260|0366235501|0422968757|omega.mangino@hotmail.com
Dana|Vock|"Fried, Monte Esq"|10091980|929888.3542|49 Walnut St|Yarralumla|ACT|2600|0266891150|0411398917|dana_vock@yahoo.com
Naomi|Tuamoheloa|Dayer Real Estate Group|27071973|815804.7064|85 S Washington Ave|Muja|WA|6225|0861371726|0430962223|naomi@yahoo.com
Luis|Yerry|On Your Feet|9061974|897802.3283|72984 W 1st St|Summerhill|TAS|7250|0344924927|0490571461|luis@hotmail.com
Dominga|Barchacky|South Side Machine Works Inc|14081992|518117.6881|3 Ridge Rd W #949|Port Flinders|SA|5495|0830879658|0412225824|dominga.barchacky@hotmail.com
Isreal|Calizo|Milner Inn|19061998|407599.1543|2 Landmeier Rd|Wombeyan Caves|NSW|2580|0234943282|0455472994|isreal_calizo@gmail.com
Myrtie|Korba|United Mortgage|27031979|669635.0327|82 W Market St|Dartnall|WA|6320|0831742706|0412679832|mkorba@hotmail.com
Jodi|Naifeh|"Cahill, Steven J Esq"|5051995|644679.2348|89 N Himes Ave|Dural|NSW|2330|0261935184|0488646644|jodi@hotmail.com
Pearly|Hedstrom|G Whitfield Richards Co|23041981|100999.3509|62296 S Elliott Rd #2|Wandering|WA|6308|0834126699|0460335582|pearly@gmail.com
Aileen|Menez|"Cuzzo, Michael J Esq"|16021986|566246.727|8 S Main St|Manjimup|WA|6258|0811962822|0495852298|aileen_menez@menez.net.au
Glory|Carlo|Swanson Travel|21061986|892454.6573|50808 A Pamalee Dr|Grange|QLD|4051|0792657183|0490570424|glory_carlo@gmail.com
Kathrine|Francoise|"Jackson, Brian C"|6061970|220430.6697|30691 Poplar Ave #4|Indented Head|VIC|3223|0387919436|0449461650|kathrine@yahoo.com
Domingo|Mckale|Fables Gallery|13011996|161606.2888|80968 Armitage Ave|Marla|SA|5724|0899197850|0418290707|domingo_mckale@mckale.net.au
Julian|Laprade|Forsyth Steel Co|7071976|323818.9755|5 Pittsburg St|Mungabunda|QLD|4718|0726279976|0419587898|jlaprade@laprade.net.au
Marylou|Lofts|"Lally, Lawrence D Esq"|9061978|876411.6443|812 Berry Blvd #96|Houston|VIC|3128|0317654584|0473727909|marylou_lofts@lofts.com.au
Louis|Brueck|Sassy Lassie Dolls|24061976|118824.9209|73 12th St|Larrakeyah|NT|0820|0852283628|0471229188|louis.brueck@brueck.net.au
Ellsworth|Guenther|Performance Consulting Grp Inc|21061984|621505.9938|27730 American Ave|Docklands|VIC|3008|0327491381|0442173327|eguenther@hotmail.com
Wilburn|Lary|"Padrick, Comer W Jr"|13021992|373730.5714|72 Park Ave|Gabbadah|WA|6041|0810424275|0431743155|wlary@lary.net.au
Arlie|Borra|Analytical Laboratories|15051992|104564.4649|59215 W 80th St|Morundah|NSW|2700|0212113823|0423740512|arlie.borra@gmail.com
Alysa|Lehoux|Signs Of The Times|22091993|881759.3153|186 Geary Blvd #923|Trungley Hall|NSW|2666|0213853480|0475366466|alysa@hotmail.com
Marilynn|Herrera|"Brown, Alan Esq"|24021972|462858.4212|717 Midway Pl|Tawonga|VIC|3697|0314477041|0474199825|marilynn.herrera@herrera.net.au
Scot|Jarva|Biancas La Petite French Bkry|2111976|530595.587|68 Camden Rd|Kingswood|NSW|2550|0296764462|0445480672|scot.jarva@jarva.com.au
Adelaide|Ender|Williams Design Group|22032001|582289.7399|175 N Central Ave|Greenslopes|QLD|4120|0775385504|0473505816|aender@gmail.com
Jackie|Borchelt|Community Communication Servs|31071981|480683.9911|80896 South Ave|Grovedale|VIC|3216|0380558668|0423545966|jackie_borchelt@hotmail.com
Carli|Bame|Hampton Inn Hotel|3041976|445032.8512|6584 S Bascom Ave #371|Elanora|QLD|4221|0753547251|0499207236|carli@yahoo.com
Coletta|Thro|"Hoffman, Carl Esq"|7011984|769458.2245|64865 Main St|North Fremantle|WA|6159|0819916947|0444915799|coletta.thro@thro.net.au
Katheryn|Lamers|Sonoco Products Co|3021981|140215.6048|62171 E 6th Ave|Fyshwick|ACT|2609|0248851611|0497455126|katheryn_lamers@gmail.com
Santos|Wisenbaker|Brattleboro Printing Inc|30051977|165171.4028|67729 180th St|Allworth|NSW|2425|0229574812|0411294588|swisenbaker@wisenbaker.net.au
Kimberely|Weyman|Scientific Agrcltl Svc Inc|20101987|197257.4287|7721 Harrison St|Kingsway West|NSW|2208|0270918948|0441151810|kweyman@weyman.com.au
Earlean|Suffern|Booster Farms|30051994|241821.3536|5351 E Thousand Oaks Blvd|Woodford|NSW|2463|0296532199|0452941575|earlean.suffern@suffern.net.au
Dannette|Heimbaugh|Accent Copy Center Inc|12061990|238256.2396|5 Carpenter Ave|Breakaway|QLD|4825|0787384205|0422884614|dannette@gmail.com
Odelia|Hutchin|Mccaffreys Supermarket|23011989|168736.5168|374 Sunrise Ave|Gorrie|WA|6556|0898951954|0472399247|odelia.hutchin@hutchin.com.au
Lina|Schwiebert|Chemex Labs Ltd|4121980|502074.6751|68538 N Bentz St #1451|Koorlong|VIC|3501|0336085660|0487835113|lina@yahoo.com
Fredric|Johanningmeie|Galaxie Displays Inc|8061972|368382.9004|23 S Orange Ave #55|Wardell|NSW|2477|0218271736|0425214447|fredric@hotmail.com
Alfreda|Delsoin|"Harris, Eric C Esq"|20101994|234691.1256|4373 Washington St|Bongeen|QLD|4356|0773698849|0419246570|adelsoin@yahoo.com
Bernadine|Elamin|Tarix Printing|11011997|270342.2656|61550 S Figueroa St|Waverley|NSW|2024|0218158700|0448195542|bernadine_elamin@yahoo.com
Ming|Thaxton|Chem Aqua|26011987|639331.5638|8 N Town East Blvd|Forrest|VIC|3236|0340101900|0486557304|mthaxton@gmail.com
Gracia|Pecot|Kern Valley Printing|30082001|676765.2607|2452 Bango Rd|Gundaroo|NSW|2620|0280813883|0472903534|gpecot@hotmail.com
Yuette|Metevelis|American Speedy Printing Ctrs|22101973|418294.4963|8219 Roswell Rd Ne|North Boyanup|WA|6237|0847008894|0483854984|yuette.metevelis@metevelis.net.au
Yuriko|Kazarian|Doane Products Company|11101997|286385.2785|3 Davis Blvd|Mouroubra|WA|6472|0811095346|0476877991|yuriko_kazarian@gmail.com
Hyman|Hegeman|Jerico Group|4011973|888889.5433|1 S Marginal Rd|Flinders University|SA|5042|0892809177|0413650821|hyman@hotmail.com
Linette|Summerfield|Mortenson Broadcasting Co|23101976|619723.4368|78 S Robson|Crows Nest|QLD|4355|0774897577|0453580611|linette.summerfield@hotmail.com
Jospeh|Couzens|M & M Quality Printing|17111970|867498.8593|2749 Van Nuys Blvd|Panmure|VIC|3265|0384517537|0452605630|jospeh.couzens@couzens.com.au
Anna|Ovit|Georgia Business Machines|13081999|732024.5276|722 E Liberty St|Bygalorie|NSW|2669|0246495341|0459496184|anna.ovit@hotmail.com
Shawnta|Woodhams|"Leo, Frank M"|14081997|560899.056|9 Gunnison St|Oakhurst|NSW|2761|0257708546|0410116435|shawnta@woodhams.com.au
Ettie|Luckenbach|S E M A|25011993|95651.67993|2902 Edison Dr #278|Mandurah East|WA|6210|0893787021|0424568217|ettie@yahoo.com
Chara|Leveston|Arthur Andersen & Co|28041968|174084.1878|72 N Buckeye Ave|Daisy Hill|VIC|3465|0325748915|0415341310|cleveston@gmail.com
Lauran|Huntsberger|Triangle Engineering Inc|21042001|240038.7966|41 E Jackson St|Willetton|WA|6155|0827043706|0476605889|lhuntsberger@huntsberger.net.au
Pansy|Todesco|"Schmidt, Charles E Jr"|1071998|186562.0867|684 William St|Tarnagulla|VIC|3551|0332334255|0467468894|pansy_todesco@gmail.com
Georgeanna|Silverstone|Emess Professional Svces|8011986|714198.9577|185 W Guadalupe Rd|Steels Creek|VIC|3775|0374166750|0436793916|georgeanna@silverstone.net.au
Jesus|Liversedge|"White, Mark A Cpa"|6011993|348774.7734|18514 E 4th St #8|Broken Head|NSW|2481|0244185927|0467331796|jesus.liversedge@hotmail.com
Jamey|Tetter|Vicon Corporation|29031988|651809.4628|28 Standiford Ave #6|Bundaberg West|QLD|4670|0760735039|0481690589|jamey.tetter@gmail.com
Alberta|Motter|Turl Engineering Works|17031996|79608.66696|33108 S Yosemite Ct|Port Melbourne|VIC|3207|0312488221|0491832907|alberta_motter@hotmail.com
Ronald|Grube|Deep Creek Pharmacy|24031996|612593.2089|73778 Battery St|Happy Valley|SA|5159|0833055436|0457126909|ronald.grube@yahoo.com
Tamala|Hickie|Mister Bagel|22031979|516335.1311|351 Crooks Rd|Benambra|VIC|3900|0336952399|0432182830|tamala_hickie@yahoo.com
Gerry|Mohrmann|Howard Winig Realty Assocs Inc|6011982|275689.9366|8 Glenn Way #3|Brockman|WA|6701|0813992471|0490947955|gerry_mohrmann@mohrmann.net.au
Isaiah|Kueter|"Jordan, Mark D Esq"|12041986|758762.8826|8 W Virginia St|Amphitheatre|VIC|3468|0337256290|0494282122|ikueter@kueter.com.au
Magnolia|Overbough|Marin Sun Printing|11061983|767675.6675|65484 Bainbridge Rd|Penrith|NSW|2750|0279472980|0488624111|moverbough@overbough.com.au
Ngoc|Guglielmina|"Verde, Louis J Esq"|28021971|277472.4936|156 Morris St|Darke Peak|SA|5642|0822645559|0490128503|ngoc_guglielmina@hotmail.com
Julene|Lauretta|Convum Internatl Corp|6031989|434337.5092|1881 Market St|Mole Creek|TAS|7304|0310369594|0451946241|julene.lauretta@gmail.com
Magda|Lindbeck|Thomas Torto Constr Corp|7091984|248951.5816|6 Kings St #4790|Emerald Beach|NSW|2456|0237133646|0451383562|magda_lindbeck@yahoo.com
Shantell|Lizama|Astromatic|4021990|594767.6389|9787 Dunksferry Rd|Logan Village|QLD|4207|0753465917|0459937449|shantell.lizama@gmail.com
Audria|Piccinich|Kuhio Photo|12051976|133085.3768|13 Blanchard St #996|Coober Pedy|SA|5723|0897572379|0426175813|audria.piccinich@gmail.com
Nickole|Derenzis|Lehigh Furn Divsn Lehigh|13031990|416511.9393|2 Pompton Ave|Berowra Heights|NSW|2082|0255736627|0480120597|nderenzis@hotmail.com
Grover|Reynolds|Okon Inc|14111980|801544.2505|2867 Industrial Way|Innaloo|WA|6018|0877853040|0447228633|grover.reynolds@gmail.com
Rocco|Bergstrom|"Postlewaite, Jack A Esq"|17111973|737372.1986|850 Warwick Blvd #58|Leeman|WA|6514|0839877521|0457212114|rocco@yahoo.com
Ethan|Quintero|Regent Consultants Corp|18092001|375513.1284|2 Ellis Rd|East Damboring|WA|6608|0882809492|0488425192|ethan_quintero@quintero.com.au
Glynda|Sanzenbacher|Hinkson Cooper Weaver Inc|13011985|298863.1775|80 Monroe St|Kinglake West|VIC|3757|0310517865|0451639283|glynda@sanzenbacher.com.au
Yolande|Scrimsher|Spclty Fastening Systems Inc|20121992|903149.9993|71089 Queens Blvd|Canning Vale|WA|6155|0821362433|0472691355|yolande@yahoo.com
Twanna|Sieber|"Rudolph, William S Cpa"|22121969|170519.0738|66094 Pioneer Rd|Upper Glastonbury|QLD|4570|0752357319|0451406157|twanna@yahoo.com
Rosenda|Petteway|Choo Choo Caboose At Jade Bbq|5061988|129520.2629|66 Congress St|Caroline Springs|VIC|3023|0395994122|0438478951|rosenda@gmail.com
Lacey|Francis|Anthony & Langford|23061971|776588.4525|44 105th Ave|Hunchy|QLD|4555|0741193981|0415135989|lacey.francis@francis.net.au
Cordie|Meikle|Shapiro Bag Company|16061971|93869.12293|40809 Rockburn Hill Rd|Hamlyn Terrace|NSW|2259|0287274906|0441386796|cordie.meikle@hotmail.com
Annalee|Graleski|Lescure Company Inc|2012000|74260.99597|9 Green Rd #5877|Darbys Falls|NSW|2793|0261188773|0447563450|annalee.graleski@hotmail.com
Dana|Ladeau|"Higgins, Daniel B Esq"|6111987|125955.1489|63 W 41st Ave #93|Pinnacle|QLD|4741|0735119233|0480125331|dana@ladeau.net.au
Wai|Raddle|Dot Pitch Electronics|29071971|653592.0198|2 Stirrup Dr #4907|Carlsruhe|VIC|3442|0348113832|0494517582|wai.raddle@raddle.com.au
Johana|Conquest|Henri D Kahn Insurance|6111997|311341.0765|19 Court St|Paulls Valley|WA|6076|0865797569|0442561392|johana@conquest.net.au
Tomas|Fults|Test Tools Inc|9111973|521682.8021|3 Hwy 61 #2491|Mirani|QLD|4754|0715364805|0473757584|tomas_fults@fults.net.au
Karon|Etzler|Rachmel & Company Cpa Pa|18071969|158041.1748|97539 Connecticut Ave Nw #3586|Buckland|TAS|7190|0366988416|0432184936|karon@hotmail.com
Delbert|Houben|Hermann Assocs Inc Safe Mart|14091988|585854.8539|59 Murray Hill Pky|Mitta Mitta|VIC|3701|0315606800|0417833905|delbert.houben@hotmail.com
Ashleigh|Rimmer|Palmer Publications Inc|18091984|828282.6054|15 W 11mile Rd|Boat Harbour Beach|TAS|7321|0353549557|0467120854|ashleigh.rimmer@hotmail.com
Nenita|Mckenna|Southern Imperial Inc|28012000|887106.9863|709 New Market St|Botany|NSW|1455|0250592649|0419730349|nmckenna@yahoo.com
Micah|Shear|United Water Resources Inc|28061986|159823.7318|324 Shawnee Mission Pky|Scaddan|WA|6447|0862706829|0432703516|mshear@hotmail.com
Stefany|Figueras|"Burke, Jonathan H Esq"|17062001|683895.4887|37 Saint Louis Ave #292|Lenswood|SA|5240|0822098647|0474975307|stefany@figueras.net.au
Rene|Burnsworth|Nurses Ofr Newborns|28051998|256081.8096|80289 Victory Ave #9|Farrell Flat|SA|5416|0882223171|0422183541|rene@burnsworth.net.au
Cary|Orazine|Para Laboratories|21101971|723111.7426|16 Governors Dr Sw|Melrose|SA|5483|0877188495|0419720227|cary.orazine@hotmail.com
Micheal|Ocken|New Orleans Credit Service Inc|2061985|926323.2402|4 E Aven #284|Freemans Waterhole|NSW|2323|0298284921|0449668295|micheal.ocken@ocken.net.au
Frederick|Tamburello|Signs By Berry|20051982|291732.9495|262 8th St|Simpsons Bay|TAS|7150|0348007102|0466921460|frederick.tamburello@hotmail.com
Burma|Noa|"Saum, Scott J Esq"|14061987|318471.3045|79 State Route 35|Ripponlea|VIC|3185|0364384586|0448770746|burma.noa@gmail.com
Cherry|Roh|"Ulrich, Lawrence M Esq"|23041994|913845.3412|75 Blackington Ave|North Cascade|WA|6445|0851753585|0476917926|cherry_roh@yahoo.com
Gabriele|Frabotta|Stewart Levine & Davis|16051969|799761.6935|6 Abbott Rd|Ensay|VIC|3895|0326896049|0460834526|gabriele_frabotta@gmail.com
Clement|Chee|Bark Eater Inn|1061988|384425.9133|5159 Saint Ann St|Golden Point|VIC|3451|0327754083|0485660179|clement@hotmail.com
Beckie|Apodace|"Reich, Richard J Esq"|10111973|949496.4812|26 Ripley St #5444|Middle Cove|NSW|2068|0256303114|0469490273|bapodace@gmail.com
Catrice|Fowlkes|Kappus Co|29111977|288167.8355|39828 Abbott Rd|Waterfront Place|QLD|4001|0790325149|0418429485|cfowlkes@hotmail.com
Richelle|Remillard|"Terri, Teresa Hutchens Esq"|26091993|68913.32498|2495 Beach Blvd #557|Buraminya|WA|6452|0868316370|0416611806|richelle.remillard@remillard.net.au
Cherri|Miccio|Hong Iwai Hulbert & Kawano|22112001|464640.9782|3 Bustleton Ave|Balnagowan|QLD|4740|0756267937|0476736800|cherri_miccio@gmail.com
Dorethea|Taketa|Fraser Dante Ltd|1031979|630418.7788|7 N 4th St|Lower Cressbrook|QLD|4313|0722092731|0436606487|dtaketa@taketa.net.au
Barb|Latina|Die Craft Stamping|7111993|658939.6908|1 National Plac #6619|Larrakeyah|NT|0820|0885067259|0443657148|blatina@hotmail.com
Bettye|Meray|"Sako, Bradley T Esq"|2021983|808674.4785|248 Academy Rd|Middleton|TAS|7163|0394242956|0420742142|bmeray@yahoo.com
Sherrell|Sprowl|Country Comfort|17031979|371948.0144|2 State Hwy|Oak Flats|NSW|2529|0240744461|0417795558|sherrell_sprowl@hotmail.com
Ruth|Niglio|Amberley Suite Hotels|30122000|514552.5741|6 W Cornelia Ave|Orange Hill|QLD|4455|0751288956|0428843553|ruth.niglio@hotmail.com
Alva|Shoulders|Warren Leadership|22041993|685678.0457|461 S Fannin Ave|Welshpool|WA|6106|0883294211|0471940163|alva@gmail.com
Carri|Palaspas|"Alexander, David T Esq"|1061978|338079.4314|51255 Tea Town Rd #9|Minnenooka|WA|6532|0860691579|0499165889|carri_palaspas@palaspas.net.au
Onita|Milbrandt|Fairfield Inn By Marriott|17041970|673200.1467|93 Bloomfield Ave #829|Wagga Wagga South|NSW|2650|0211573829|0485105744|onita.milbrandt@milbrandt.com.au
Jessenia|Sarp|Skyline Lodge & Restaurant|20121975|425424.7242|5775 Mechanic St #517|Wansbrough|WA|6320|0888785994|0422775760|jsarp@hotmail.com
Tricia|Peressini|Aviation Design|29101983|60000.54|3 Industrial Blvd|Pintharuka|WA|6623|0843261560|0484192990|tperessini@yahoo.com
Stephaine|Manin|"Malmon, Alvin S Esq"|24101994|289950.3925|8202 Cornwall Rd|Eumundi|QLD|4562|0720316566|0438847885|stephaine_manin@yahoo.com
Florinda|Gudgel|Transit Cargo Services Inc|29071995|257864.3666|53597 W Clarendon Ave|Halton|NSW|2311|0225018301|0444376606|fgudgel@gudgel.com.au
Marsha|Farnham|Comfort Inn Of Revere|12051995|906715.1133|577 Cleveland Ave|Glenmore Park|NSW|2745|0254028024|0470386894|marsha@farnham.com.au
Josefa|Oakland|Duncan & Associates|24081992|232908.5686|259 1st Ave|Mccutcheon|QLD|4856|0754046221|0493826469|josefa_oakland@oakland.com.au
Deeann|Nicklous|Philip Kingsley Trichological|4091989|181214.4158|79 Mechanic St|Pimpimbudgee|QLD|4615|0763825073|0440980784|deeann_nicklous@gmail.com
Jeannetta|Vonstaden|Burlington Homes Of Maine|30032001|940583.6962|269 Executive Dr|Ilford|NSW|2850|0282229319|0435530318|jvonstaden@gmail.com
Desmond|Amuso|"Carson, Scott W Esq"|27121986|117042.3639|79 Runamuck Pl|Caparra|NSW|2429|0217068506|0427106677|desmond@hotmail.com
Trina|Bakey|Dewitt Cnty Fed Svngs & Ln|1011989|487814.2191|31 Guilford Rd #7904|Duaringa|QLD|4712|0759221983|0495376112|tbakey@bakey.com.au
Ramonita|Picotte|Art Material Services Inc|6081986|471771.2062|504 Steve Dr|Weston|NSW|2326|0243608467|0479654997|ramonita_picotte@yahoo.com
Temeka|Bodine|Consolidated Manufacturing Inc|9091990|494944.4471|407 E 57th Ave|Clunes|NSW|2480|0225817479|0452835388|temeka.bodine@gmail.com
Bea|Iida|Reliance Credit Union|12101987|601897.8669|72 W Ripley Ave|Oakey|QLD|4401|0769849278|0493653304|bea_iida@iida.net.au
Soledad|Mockus|Sinclair Machine Products Inc|3121978|124172.5919|75 Elm Rd #1190|Barton|ACT|2600|0212918182|0444126746|soledad_mockus@yahoo.com
Margurite|Okon|"Kent, Wendy M Esq"|18021996|637549.0068|32 Broadway St|Lanena|TAS|7275|0397217313|0442360982|margurite.okon@hotmail.com
Artie|Saine|"Dixon, Eric D Esq"|4021978|840760.5044|41 Washington Blvd|Cora Lynn|VIC|3814|0334572524|0433550202|artie_saine@yahoo.com
Major|Studwell|Wood Sign & Banner Co|29031975|120607.4779|5 Buford Hwy Ne #3|Allora|QLD|4362|0713776898|0426784480|major@gmail.com
Veronika|Buchauer|"Adkins, Russell Esq"|19061993|551986.271|6 Flex Ave|Willow Tree|NSW|2339|0242025191|0434402895|veronika.buchauer@buchauer.net.au
Christene|Cisney|Danform Shoe Stores|27022001|141998.1618|21058 Massillon Rd|Keilor Downs|VIC|3038|0336302467|0451465174|christene@hotmail.com
Miles|Feldner|Antietam Cable Television|24111993|944148.8102|28465 Downey Ave #4238|Barringun|QLD|4490|0785615894|0475337188|miles@hotmail.com
Julio|Mikel|Lombardi Bros Inc|30081996|650026.9058|2803 N Catalina Ave|Pilliga|NSW|2388|0269959902|0464594316|julio.mikel@mikel.net.au
Aide|Ghera|Nathaniel Electronics|15022002|748067.5406|22 Livingston Ave|Rhodes|NSW|2138|0237387508|0443448467|aide.ghera@ghera.com.au
Noelia|Brackett|"Rodriguez, Joseph A Esq"|4031969|452163.0792|403 Conn Valley Rd|Castletown|WA|6450|0837733770|0454135614|noelia@brackett.net.au
Lenora|Delacruz|"Stilling, William J Esq"||781936.1235|5400 Market St|Turill|NSW|2850|0278625151|0454434110|lenora@delacruz.net.au